{"cameraMode":{"drawMode":0,"name":"Shaded","section":"Shading Mode"},"sceneLighting":false,"audioPlay":false,"sceneViewState":{"m_AlwaysRefresh":false,"showFog":false,"showSkybox":false,"showFlares":false,"showImageEffects":false,"showParticleSystems":false,"showVisualEffectGraphs":true,"m_FxEnabled":true},"in2DMode":false,"pivot":{"x":-1.1920928955078126e-7,"y":1.5944786071777344,"z":-0.011853396892547608},"rotation":{"x":0.212704598903656,"y":-0.037219807505607608,"z":0.008108492009341717,"w":0.9763742089271545},"size":2.70176362991333,"orthographic":false}