{"cameraMode":{"drawMode":0,"name":"Shaded","section":"Shading Mode"},"sceneLighting":false,"audioPlay":false,"sceneViewState":{"m_AlwaysRefresh":false,"showFog":false,"showSkybox":false,"showFlares":false,"showImageEffects":false,"showParticleSystems":false,"showVisualEffectGraphs":true,"m_FxEnabled":true},"in2DMode":false,"pivot":{"x":-1.1920928955078126e-7,"y":1.5940948724746705,"z":-0.008789360523223877},"rotation":{"x":0.012202611193060875,"y":-0.9815099835395813,"z":0.17891909182071687,"w":0.06695110350847244},"size":0.8022893667221069,"orthographic":false}