{"cameraMode":{"drawMode":0,"name":"Shaded","section":"Shading Mode"},"sceneLighting":false,"audioPlay":false,"sceneViewState":{"m_AlwaysRefresh":false,"showFog":false,"showSkybox":false,"showFlares":false,"showImageEffects":false,"showParticleSystems":false,"showVisualEffectGraphs":true,"m_FxEnabled":true},"in2DMode":false,"pivot":{"x":0.004899859428405762,"y":-0.24990436434745789,"z":0.1773630976676941},"rotation":{"x":-0.098727747797966,"y":0.8445640802383423,"z":-0.1670815348625183,"w":-0.49905046820640566},"size":0.2916269600391388,"orthographic":false}