{"cameraMode":{"drawMode":0,"name":"Shaded","section":"Shading Mode"},"sceneLighting":false,"audioPlay":false,"sceneViewState":{"m_AlwaysRefresh":false,"showFog":false,"showSkybox":false,"showFlares":false,"showImageEffects":false,"showParticleSystems":false,"showVisualEffectGraphs":true,"m_FxEnabled":true},"in2DMode":false,"pivot":{"x":-0.2786301374435425,"y":1.0016366243362427,"z":0.15730345249176026},"rotation":{"x":-0.009756223298609257,"y":0.9871569871902466,"z":-0.14496585726737977,"w":-0.06643600761890412},"size":0.8749567270278931,"orthographic":false}