{"cameraMode":{"drawMode":0,"name":"Shaded","section":"Shading Mode"},"sceneLighting":false,"audioPlay":false,"sceneViewState":{"m_AlwaysRefresh":false,"showFog":false,"showSkybox":false,"showFlares":false,"showImageEffects":false,"showParticleSystems":false,"showVisualEffectGraphs":true,"m_FxEnabled":true},"in2DMode":false,"pivot":{"x":9.5367431640625e-7,"y":11.079455375671387,"z":0.3231545090675354},"rotation":{"x":-0.22626173496246339,"y":-0.02425454556941986,"z":0.0056339590810239319,"w":-0.9737499952316284},"size":16.110679626464845,"orthographic":false}