{"cameraMode":{"drawMode":0,"name":"Shaded","section":"Shading Mode"},"sceneLighting":false,"audioPlay":false,"sceneViewState":{"m_AlwaysRefresh":false,"showFog":false,"showSkybox":false,"showFlares":false,"showImageEffects":false,"showParticleSystems":false,"showVisualEffectGraphs":true,"m_FxEnabled":true},"in2DMode":false,"pivot":{"x":0.018166720867156984,"y":0.6785269975662231,"z":-0.06537534296512604},"rotation":{"x":0.012202611193060875,"y":-0.9815099835395813,"z":0.17891909182071687,"w":0.06695110350847244},"size":1.0594704151153565,"orthographic":false}