{"cameraMode":{"drawMode":0,"name":"Shaded","section":"Shading Mode"},"sceneLighting":false,"audioPlay":false,"sceneViewState":{"m_AlwaysRefresh":false,"showFog":false,"showSkybox":false,"showFlares":false,"showImageEffects":false,"showParticleSystems":false,"showVisualEffectGraphs":true,"m_FxEnabled":true},"in2DMode":false,"pivot":{"x":0.018089890480041505,"y":0.8132234811782837,"z":-0.057689182460308078},"rotation":{"x":-0.023217907175421716,"y":-0.9211693406105042,"z":0.0556219220161438,"w":-0.38447147607803347},"size":1.0140506029129029,"orthographic":false}