{"cameraMode":{"drawMode":0,"name":"Shaded","section":"Shading Mode"},"sceneLighting":false,"audioPlay":false,"sceneViewState":{"m_AlwaysRefresh":false,"showFog":false,"showSkybox":false,"showFlares":false,"showImageEffects":false,"showParticleSystems":false,"showVisualEffectGraphs":true,"m_FxEnabled":true},"in2DMode":false,"pivot":{"x":-0.06806360185146332,"y":0.05833639204502106,"z":0.0660015344619751},"rotation":{"x":0.005900662858039141,"y":0.9892029166221619,"z":0.04157097265124321,"w":-0.14040933549404145},"size":0.43125253915786745,"orthographic":false}