{"cameraMode":{"drawMode":0,"name":"Shaded","section":"Shading Mode"},"sceneLighting":false,"audioPlay":false,"sceneViewState":{"m_AlwaysRefresh":false,"showFog":false,"showSkybox":false,"showFlares":false,"showImageEffects":false,"showParticleSystems":false,"showVisualEffectGraphs":true,"m_FxEnabled":true},"in2DMode":false,"pivot":{"x":-0.04896581172943115,"y":-0.5266823768615723,"z":-0.3298804759979248},"rotation":{"x":-0.03780867159366608,"y":0.9621461033821106,"z":-0.18584778904914857,"w":-0.19573670625686646},"size":1.0601913928985596,"orthographic":false}