{"cameraMode":{"drawMode":0,"name":"Shaded","section":"Shading Mode"},"sceneLighting":false,"audioPlay":false,"sceneViewState":{"m_AlwaysRefresh":false,"showFog":false,"showSkybox":false,"showFlares":false,"showImageEffects":false,"showParticleSystems":false,"showVisualEffectGraphs":true,"m_FxEnabled":true},"in2DMode":false,"pivot":{"x":0.48245465755462649,"y":-0.6349735856056213,"z":0.23507936298847199},"rotation":{"x":-0.09373103082180023,"y":0.8882946968078613,"z":-0.20921599864959718,"w":-0.3979664444923401},"size":0.19743137061595918,"orthographic":false}