{"cameraMode":{"drawMode":0,"name":"Shaded","section":"Shading Mode"},"sceneLighting":false,"audioPlay":false,"sceneViewState":{"m_AlwaysRefresh":false,"showFog":false,"showSkybox":false,"showFlares":false,"showImageEffects":false,"showParticleSystems":false,"showVisualEffectGraphs":true,"m_FxEnabled":true},"in2DMode":false,"pivot":{"x":-0.05809720605611801,"y":1.4614698886871338,"z":-0.35293716192245486},"rotation":{"x":0.012202611193060875,"y":-0.9815099835395813,"z":0.17891909182071687,"w":0.06695110350847244},"size":0.31662511825561526,"orthographic":false}