{"cameraMode":{"drawMode":0,"name":"Shaded","section":"Shading Mode"},"sceneLighting":false,"audioPlay":false,"sceneViewState":{"m_AlwaysRefresh":false,"showFog":false,"showSkybox":false,"showFlares":false,"showImageEffects":false,"showParticleSystems":false,"showVisualEffectGraphs":true,"m_FxEnabled":true},"in2DMode":false,"pivot":{"x":0.16836440563201905,"y":0.82148277759552,"z":-0.05357774347066879},"rotation":{"x":-0.023217907175421716,"y":-0.9211693406105042,"z":0.0556219220161438,"w":-0.38447147607803347},"size":1.1570193767547608,"orthographic":false}