{"cameraMode":{"drawMode":0,"name":"Shaded","section":"Shading Mode"},"sceneLighting":false,"audioPlay":false,"sceneViewState":{"m_AlwaysRefresh":false,"showFog":false,"showSkybox":false,"showFlares":false,"showImageEffects":false,"showParticleSystems":false,"showVisualEffectGraphs":true,"m_FxEnabled":true},"in2DMode":false,"pivot":{"x":0.11807399988174439,"y":-0.25960099697113039,"z":0.2633800506591797},"rotation":{"x":-0.04835818335413933,"y":0.7529078125953674,"z":-0.05567297339439392,"w":-0.653982937335968},"size":0.4886343777179718,"orthographic":false}