{"cameraMode":{"drawMode":0,"name":"Shaded","section":"Shading Mode"},"sceneLighting":false,"audioPlay":false,"sceneViewState":{"m_AlwaysRefresh":false,"showFog":false,"showSkybox":false,"showFlares":false,"showImageEffects":false,"showParticleSystems":false,"showVisualEffectGraphs":true,"m_FxEnabled":true},"in2DMode":false,"pivot":{"x":-0.19966226816177369,"y":0.1411188840866089,"z":-0.2706350088119507},"rotation":{"x":-0.09386985749006272,"y":0.8755095601081848,"z":-0.43465355038642886,"w":-0.18908001482486726},"size":0.43983376026153567,"orthographic":false}