{"cameraMode":{"drawMode":0,"name":"Shaded","section":"Shading Mode"},"sceneLighting":false,"audioPlay":false,"sceneViewState":{"m_AlwaysRefresh":false,"showFog":false,"showSkybox":false,"showFlares":false,"showImageEffects":false,"showParticleSystems":false,"showVisualEffectGraphs":true,"m_FxEnabled":true},"in2DMode":false,"pivot":{"x":0.002375304698944092,"y":0.9178388118743897,"z":-0.027471423149108888},"rotation":{"x":-0.12576526403427125,"y":0.057106874883174899,"z":-0.0072517190128564838,"w":-0.9903886914253235},"size":1.2860726118087769,"orthographic":false}