{"cameraMode":{"drawMode":0,"name":"Shaded","section":"Shading Mode"},"sceneLighting":false,"audioPlay":false,"sceneViewState":{"m_AlwaysRefresh":false,"showFog":false,"showSkybox":false,"showFlares":false,"showImageEffects":false,"showParticleSystems":false,"showVisualEffectGraphs":true,"m_FxEnabled":true},"in2DMode":false,"pivot":{"x":0.0018855929374694825,"y":0.8906371593475342,"z":-0.037250250577926639},"rotation":{"x":-0.23621316254138947,"y":0.2799869477748871,"z":-0.07128684967756272,"w":-0.9277575016021729},"size":1.2794369459152222,"orthographic":false}