{"cameraMode":{"drawMode":0,"name":"Shaded","section":"Shading Mode"},"sceneLighting":false,"audioPlay":false,"sceneViewState":{"m_AlwaysRefresh":false,"showFog":false,"showSkybox":false,"showFlares":false,"showImageEffects":false,"showParticleSystems":false,"showVisualEffectGraphs":true,"m_FxEnabled":true},"in2DMode":false,"pivot":{"x":0.4781469702720642,"y":-0.6179011464118958,"z":0.3857835829257965},"rotation":{"x":-0.0029110314790159466,"y":0.9964200854301453,"z":-0.07518238574266434,"w":-0.03857939690351486},"size":0.12927009165287019,"orthographic":false}