{"cameraMode":{"drawMode":0,"name":"Shaded","section":"Shading Mode"},"sceneLighting":false,"audioPlay":false,"sceneViewState":{"m_AlwaysRefresh":false,"showFog":false,"showSkybox":false,"showFlares":false,"showImageEffects":false,"showParticleSystems":false,"showVisualEffectGraphs":true,"m_FxEnabled":true},"in2DMode":false,"pivot":{"x":-0.0020380020141601564,"y":7.299472332000732,"z":-0.196330726146698},"rotation":{"x":-0.06853337585926056,"y":0.8649150729179382,"z":-0.12304097414016724,"w":-0.4817550480365753},"size":11.274223327636719,"orthographic":false}